parent_category,category,category_description,question,explanation,image,order,choice_1,choice_2,choice_3,choice_4,choice_5,correct_answer
CPNS,TWK 2024,Tes Wawasan Kebangsaan CPNS 2024,Membina persatuan dan kesatuan dihubungkan dengan semboyan Bhinneka Tunggal Ika mengandung makna bahwa ....,"Bhinneka Tunggal Ika menegaskan bahwa bangsa Indonesia tetap satu meskipun berbeda-beda, sehingga dalam pergaulan tidak boleh membedakan suku.",,1,Dalam bergaul harus dapat menyesuaikan diri,Kebudayaan daerah harus terus dilestarikan,Dalam pergaulan tidak boleh membedakan suku,Kebudayaan masyarakat tidak tergantikan budaya lain,Keanekaragaman tak mungkin dipersatukan,3
CPNS,TWK 2024,Tes Wawasan Kebangsaan CPNS 2024,Pak Suyatno adalah orang yang sombong. Ia selalu menilai orang dari kekayaan dan kedudukannya. Sikap Pak Suyatno bertentangan dengan sila ....,"Sifat sombong bertentangan dengan nilai kemanusiaan yang adil dan beradab, karena merendahkan martabat orang lain dan tidak menghargai sesama.",,2,Ketuhanan Yang Maha Esa,Kemanusiaan yang adil dan beradab,Persatuan Indonesia,Kerakyatan yang dipimpin oleh hikmat kebijaksanaan dalam permusyawaratan perwakilan,Keadilan bagi seluruh rakyat Indonesia,2
CPNS,TWK 2024,Tes Wawasan Kebangsaan CPNS 2024,"Pembangunan tidak boleh bersifat pragmatis, hal ini berarti ....","Pembangunan yang sesuai Pancasila tidak boleh pragmatis. Artinya, pembangunan tidak boleh hanya mengejar tindakan nyata sambil mengabaikan pertimbangan etis.",,3,Pembangunan tidak hanya mementingkan tindakan nyata dan mengabaikan pertimbangan etis,Pembangunan hanya mengikuti peraturan masing-masing instansi dan mengabaikan manusia nyata,Pembangunan tidak boleh mengorbankan manusia nyata melainkan menghormati harkat dan martabat bangsa,Pembangunan melibatkan masyarakat sebagai tujuan pembangunan dan keputusan yang menyangkut kebutuhan mereka,Pembangunan tidak hanya mementingkan tindakan nyata dan menghapuskan kemiskinan struktural,1
CPNS,TWK 2024,Tes Wawasan Kebangsaan CPNS 2024,Pembangunan yang dilaksanakan mengacu pada standar nilai Pancasila adalah maksud dari ....,"Pancasila sebagai paradigma pembangunan berarti nilai-nilai dasarnya menjadi acuan, tolok ukur, dan arah dalam seluruh proses pembangunan nasional.",,4,Pancasila sebagai ideologi terbuka,Pancasila sebagai ideologi tertutup,Pancasila sebagai nilai instrumental,Pancasila sebagai dasar negara,Pancasila sebagai paradigma pembangunan,5
CPNS,TWK 2024,Tes Wawasan Kebangsaan CPNS 2024,"Berikut ini yang termasuk dimensi realitas sila ke-3 Pancasila, kecuali ....",Yang tidak termasuk dimensi realitas sila ketiga pada soal ini adalah sikap saling tenggang rasa dan tepa selira.,,5,Menghindari sikap chauvinisme dan primordialisme secara tepat,Memajukan pergaulan demi kemajuan bangsa,Membina hubungan baik dengan semua unsur bangsa,Mengembangkan sikap saling tenggang rasa dan tepa selira,Rela berkorban demi kepentingan bangsa dan negara,4
CPNS,TWK 2024,Tes Wawasan Kebangsaan CPNS 2024,Mengembangkan sikap bahwa bangsa Indonesia merupakan bagian dari seluruh umat manusia merupakan perwujudan sila ....,"Sikap merasa sebagai bagian dari seluruh umat manusia merupakan pengamalan sila kedua, Kemanusiaan yang Adil dan Beradab.",,6,Pertama,Kedua,Ketiga,Keempat,Kelima,2
CPNS,TWK 2024,Tes Wawasan Kebangsaan CPNS 2024,Pancasila sebagai paradigma pembangunan politik harus mampu ....,"Dalam paradigma pembangunan politik, Pancasila mengarahkan agar rakyat menjadi subjek politik, bukan sekadar objek kebijakan.",,7,Menjadikan rakyat sebagai subjek politik bukan objek politik,Menjadi sumber dari segala sumber hukum,Pengontrol atas kekuasaan yang absolut,Pedoman hidup berkebangsaan,Memberi perlindungan hak asasi bagi rakyat,1
CPNS,TWK 2024,Tes Wawasan Kebangsaan CPNS 2024,Menurut pernyataan dalam Pembukaan UUD 1945 perjuangan kemerdekaan merupakan tindakan yang diberikan oleh Allah karena ....,"Frasa ""Atas berkat rahmat Allah Yang Maha Kuasa"" menunjukkan bangsa Indonesia menjunjung nilai ketuhanan, sehingga simpulannya bangsa Indonesia adalah bangsa yang religius.",,8,Kehidupan kebangsaan yang bebas merupakan keinginan luhur,Bangsa Indonesia adalah bangsa yang religius,Kemerdekaan itu sudah lama diperjuangkan,Banyak pengorbanan yang harus diberikan untuk mendapatkan kemerdekaan,Kemerdekaan karunia Allah yang tidak perlu diperjuangkan,2
CPNS,TWK 2024,Tes Wawasan Kebangsaan CPNS 2024,Salah satu bentuk pengamalan sila ke-4 di bawah ini adalah ....,"Sila keempat menekankan musyawarah dan kebijaksanaan. Karena itu, kita tidak boleh memaksakan kehendak kepada orang lain.",,9,Kita tidak boleh memaksakan kehendak kita kepada orang lain,Mengembangkan sikap hormat menghormati dan bekerja sama dengan bangsa lain,Menjunjung tinggi hak asasi manusia,Menyadari bahwa kita mempunyai hak dan kewajiban yang sama,Mengembangkan sikap saling mencintai sesama manusia,1
CPNS,TWK 2024,Tes Wawasan Kebangsaan CPNS 2024,Rumusan dan susunan Pancasila yang benar dan sah tercantum dalam ....,Rumusan dan susunan Pancasila yang sah tercantum dalam Pembukaan UUD 1945 yang disahkan pada 18 Agustus 1945.,,10,Pidato Moh. Yamin tanggal 29 Mei 1945,Piagam Jakarta,Pidato Bung Karno tanggal 1 Juni 1945,Pembukaan UUD 1945,Mukadimah Konstitusi Sementara RIS,4
CPNS,TWK 2024,Tes Wawasan Kebangsaan CPNS 2024,Janji kemerdekaan yang akan diberikan Jepang setelah kekalahan Jepang pada saat Perang Dunia II diumumkan oleh ....,Janji kemerdekaan Indonesia diumumkan oleh Perdana Menteri Koiso pada 7 September 1944.,,11,Laksamana Maeda,Perdana Menteri Koiso,Ichikawa Taisho,Marsekal Terauchi,Kumakichi Harada,2
CPNS,TWK 2024,Tes Wawasan Kebangsaan CPNS 2024,"Interaksi masyarakat yang berorientasi ke atas, sangat mementingkan hubungan yang formal dan bersifat impersonal. Gambaran tersebut merupakan etos kebudayaan masyarakat ....","Hubungan yang formal, impersonal, dan berorientasi ke atas merupakan ciri etos kebudayaan masyarakat birokrat.",,12,Elite,Birokrat,Petani,Buruh,Tradisional,2
CPNS,TWK 2024,Tes Wawasan Kebangsaan CPNS 2024,"Berdasarkan UUD 1945, setiap pemberian amnesti dan abolisi, pengangkatan dan penerimaan duta, serta pernyataan perang harus disetujui oleh ....","Menurut UUD 1945, tindakan seperti pemberian amnesti dan abolisi, pengangkatan duta, serta pernyataan perang harus mendapat persetujuan DPR.",,13,Menteri pertahanan,Panglima TNI,Panglima Polri,DPR,Menteri Hukum dan HAM,4
CPNS,TWK 2024,Tes Wawasan Kebangsaan CPNS 2024,"Dalam tata aturan perundang-undangan RI, UUD 1945 menempati posisi tertinggi sedangkan peraturan perundang-undangan yang menempati posisi terbawah adalah ....","Dalam hierarki yang digunakan pada sumber soal, urutan terendah adalah Peraturan Daerah setelah UUD, UU/Perpu, PP, dan Perpres.",,14,Perpu,Perda,Perpres,Peraturan Pemerintah,Hukum adat,2
CPNS,TWK 2024,Tes Wawasan Kebangsaan CPNS 2024,Negara menghormati dan memelihara bahasa daerah sebagai kekayaan budaya nasional. Hal ini tercantum dari pasal ....,Ketentuan bahwa negara menghormati dan memelihara bahasa daerah sebagai kekayaan budaya nasional terdapat dalam Pasal 32.,,15,23,24,27,31,32,5
CPNS,TWK 2024,Tes Wawasan Kebangsaan CPNS 2024,"Mewujudkan nasionalisme yang tinggi dari rakyat Indonesia, yang lebih mengutamakan kepentingan nasional daripada kepentingan golongan merupakan ....",Salah satu tujuan wawasan nusantara adalah membentuk nasionalisme tinggi yang mengutamakan kepentingan nasional di atas kepentingan golongan.,,16,Tujuan ketahanan nasional,Pengertian ketahanan nasional,Tujuan pembangunan nasional,Pengertian wawasan nusantara,Tujuan wawasan nusantara,5
CPNS,TWK 2024,Tes Wawasan Kebangsaan CPNS 2024,"Pak Andri mendapatkan tugas dari kantornya untuk mengikuti pelatihan di luar kota selama tiga hari. Di luar dugaan, pelatihan tersebut selesai lebih cepat dari jadwal yang ditentukan yaitu selama dua hari. Jika Anda menjadi Pak Andri, apa yang akan Anda lakukan ....","Tindakan yang tepat adalah segera melaporkan kondisi sebenarnya kepada kantor dan menunggu arahan, karena itu menunjukkan integritas dan profesionalitas.",,17,Menikmati sisa satu hari untuk berjalan-jalan,"Melaporkan ke kantor bahwa kegiatan sudah selesai dalam dua hari, dan menunggu arahan berikutnya",Segera pulang dan memilih berlibur bersama keluarga,Segera pulang dan memilih libur di rumah,Merahasiakan bahwa pelatihan selesai lebih cepat dan memanfaatkan sisa waktu untuk bertemu teman,2
CPNS,TWK 2024,Tes Wawasan Kebangsaan CPNS 2024,"Dalam ketatanegaraan Republik Indonesia, pembentukan sebuah provinsi dapat dilakukan dengan memiliki paling sedikitnya ....",Syarat fisik pembentukan provinsi pada sumber soal mensyaratkan paling sedikit lima kabupaten/kota untuk pembentukan provinsi baru.,,18,5 (lima) kabupaten/kota,7 (tujuh) kabupaten/kota,10 (sepuluh) kabupaten/kota,1/2 kabupaten/kota dari jumlah provinsi di seluruh Indonesia,2/3 kabupaten/kota dari jumlah provinsi di seluruh Indonesia,1
CPNS,TWK 2024,Tes Wawasan Kebangsaan CPNS 2024,Sumber hukum dari keputusan hakim terdahulu yang dijadikan dasar keputusan oleh hakim-hakim lain dalam memutuskan perkara yang sama disebut ....,Keputusan hakim terdahulu yang dijadikan dasar bagi putusan hakim lain pada perkara serupa disebut yurisprudensi.,,19,statute,custom,jurisprudensi,treaty,doktrin,3
CPNS,TWK 2024,Tes Wawasan Kebangsaan CPNS 2024,Undang-Undang No.31 Tahun 2002 tentang Partai Politik menyatakan bahwa partai politik perlu diadakan karena ....,"Partai politik merupakan salah satu wahana partisipasi masyarakat dalam kehidupan demokrasi, sehingga keberadaannya dipandang penting.",,20,Terbukti bahwa dengan adanya partai politik negara menjadi demokrasi,Melalui partai politiklah masyarakat dapat memilih presiden dan wakil presiden,Partai politik merupakan satu-satunya wadah untuk menyalurkan aspirasi,Banyaknya tuntutan masyarakat untuk membentuk partai politik,Merupakan salah satu wujud partisipasi masyarakat dalam mengembangkan demokrasi,5
CPNS,TWK 2024,Tes Wawasan Kebangsaan CPNS 2024,Soekarno menyampaikan pidato mengenai dasar negara pada tanggal ....,"Pada sidang BPUPKI pertama, Ir. Soekarno menyampaikan rumusan lima sila dasar negara pada 1 Juni 1945.",,21,29 Mei 1945,30 Mei 1945,31 Mei 1945,1 Juni 1945,22 Juni 1945,4
CPNS,TWK 2024,Tes Wawasan Kebangsaan CPNS 2024,Tokoh yang bersama Bung Karno dan Muhammad Yamin ikut melakukan pembicaraan terbatas mengenai semboyan Bhinneka Tunggal Ika pada sidang-sidang BPUPKI adalah ....,"Dalam sumber soal, pembicaraan terbatas mengenai semboyan Bhinneka Tunggal Ika melibatkan Muhammad Yamin, Bung Karno, dan I Gusti Bagus Sugriwa.",,22,I Gusti Bagus Sugriwa,Adam Malik,Sultan Hamid II,Ahmad Subarjo,I Made Bagus,1
CPNS,TWK 2024,Tes Wawasan Kebangsaan CPNS 2024,Fenomena generasi muda yang mengalami kepudaran terhadap jiwa nasionalisme disebabkan karena ....,"Pada sumber ini, penyebab yang ditekankan adalah pemahaman nasionalisme yang terlalu sempit, seolah hanya berbentuk perjuangan fisik.",,23,Orientasi nasionalisme adalah sikap dan perbuatan,Labeling yang menjadi stigma bagi generasi muda,Ukuran nasionalisme dipahami hanya sebatas perjuangan secara fisik,Kurangnya daya juang terhadap tantangan perubahan zaman,Kurangnya sosok heroisme bagi kaum muda,3
CPNS,TWK 2024,Tes Wawasan Kebangsaan CPNS 2024,"Arga meminta uang kepada orangtuanya untuk dibelikan sebuah motor, namun karena orangtuanya hanya bekerja serabutan tidak bisa menuruti keinginannya. Karena menerima penolakan akhirnya Arga kesal dan marah bersama temannya pergi ke joks musik dan melihat sebuah motor. Awalnya Arga tidak ingin mencuri, karena keinginan hatinya berubah dia ingin mencuri motor tersebut. Salah seorang warga melihat hal tersebut lalu meneriakinya maling dan melaporkan Arga ke pihak yang berwajib. Sikap warga menunjukkan ....",Warga yang melaporkan Arga kepada pihak berwajib menunjukkan sikap profesional karena tidak main hakim sendiri dan bertindak sesuai aturan.,,24,Integritas,Profesionalisme,Solidaritas,Tenggang rasa,Rela berkorban,2
CPNS,TWK 2024,Tes Wawasan Kebangsaan CPNS 2024,"Perjanjian bilateral dan multilateral memiliki beberapa perbedaan, salah satunya adalah ....",Perbedaan yang paling jelas antara perjanjian bilateral dan multilateral adalah jumlah pihak atau peserta yang menyepakatinya.,,25,Objeknya,Sifat instrumennya,Strukturnya,Cara berlakunya,Jumlah pesertanya,5
CPNS,TWK 2024,Tes Wawasan Kebangsaan CPNS 2024,"Kebijakan pemotongan nilai uang (sanering) yaitu memotong semua uang yang bernilai Rp2,50 ke atas hingga nilai tinggal setengahnya terjadi pada saat Menteri Keuangan dijabat oleh ....",Kebijakan sanering atau Gunting Syafruddin dilakukan saat Menteri Keuangan dijabat oleh Syafruddin Prawiranegara.,,26,Wolopo,Ali Sastroamidjojo,Burhanudin Harahap,Syafruddin Prawiranegara,Sri Sultan Hamengkubuwono IX,4
CPNS,TWK 2024,Tes Wawasan Kebangsaan CPNS 2024,"Dalam ketatanegaraan Republik Indonesia, pembentukan sebuah dugaan kasus penyebaran hoax dan provokasi melalui media sosial dari kelompok The Family Muslim Cyber Army (MCA). Kelima tersangka ditangkap di daerah berbeda, yakni di Tanjung Priok (Jakarta Utara), Pangkal Pinang, Bali, Sumedang, dan Palu. Berdasarkan barang bukti yang diperoleh polisi, kelompok MCA menyebarkan isu provokatif dan kabar bohong terkait isu suku, agama, ras, dan antargolongan (SARA) melalui jaringan komunikasi WhatsApp. Penyimpangan ini merupakan bentuk pelanggaran sila Pancasila ke ....","Kasus provokasi dan penyebaran isu SARA tersebut dinilai melanggar sila ketiga, Persatuan Indonesia, karena berpotensi memecah belah bangsa.",,27,(1),(2),(3),(4),(5),3
CPNS,TWK 2024,Tes Wawasan Kebangsaan CPNS 2024,Isu pemecah belah negara yang dilakukan oleh pihak-pihak tidak bertanggung jawab agar membuat negara menjadi kacau marak terjadi. Sikap kita sebagai warga negara yang baik yaitu ....,Sikap yang tepat adalah waspada dan tidak mudah terpengaruh hoax atau informasi yang belum jelas kebenarannya.,,28,Ikut menyebarkan dan memprovokasi,Tidak mudah terimbas isu hoax atau belum tentu kebenarannya,Berpegang teguh pada kepercayaan masing-masing,Waspada dan ikut curiga,Menindaklanjuti kekacauan yang terjadi,2
CPNS,TWK 2024,Tes Wawasan Kebangsaan CPNS 2024,"Ledakan bom di Poltabes Medan Sumatera Utara pada bulan November lalu, merupakan bentuk penyimpangan dari sila ke ....","Aksi teror yang merendahkan martabat dan keselamatan manusia dipandang sebagai penyimpangan terhadap sila kedua, Kemanusiaan yang Adil dan Beradab.",,29,(1),(2),(3),(4),(5),2
CPNS,TWK 2024,Tes Wawasan Kebangsaan CPNS 2024,"Pengeboman Surabaya 2018 adalah rangkaian peristiwa meledaknya bom di berbagai tempat di Surabaya dan Sidoarjo, Jawa Timur. Peristiwa ini mengakibatkan korban jiwa dan merupakan contoh kasus bentuk penyimpangan terhadap sila ke ....","Sumber penjelasan pada halaman ini menegaskan bahwa kasus tersebut dikaitkan dengan isu agama dan kebebasan beragama, sehingga substansinya diarahkan pada penyimpangan terhadap sila pertama.",,30,(1),(2),(3),(4),(5),1
